Date,Ticker,Company,Open,High,Low,Close,Volume
2025-09-12,MSFT,Microsoft Corporation,506.65,512.55,503.85,509.9,23624900
2025-09-15,MSFT,Microsoft Corporation,508.79,515.47,507.0,515.36,17143800
2025-09-16,MSFT,Microsoft Corporation,516.88,517.23,508.6,509.04,19711900
2025-09-17,MSFT,Microsoft Corporation,510.62,511.29,505.93,510.02,15816600
2025-09-18,MSFT,Microsoft Corporation,511.49,513.07,507.66,508.45,18913700
2025-09-19,MSFT,Microsoft Corporation,510.56,519.3,510.31,517.93,52474100
2025-09-22,MSFT,Microsoft Corporation,515.59,517.74,512.54,514.45,20009300
2025-09-23,MSFT,Microsoft Corporation,513.8,514.59,507.31,509.23,19799600
2025-09-24,MSFT,Microsoft Corporation,510.38,512.48,506.92,510.15,13533700
2025-09-25,MSFT,Microsoft Corporation,508.3,510.01,505.04,507.03,15786500
2025-09-26,MSFT,Microsoft Corporation,510.06,513.94,506.62,511.46,16213100
2025-09-29,MSFT,Microsoft Corporation,511.5,516.85,508.88,514.6,17617800
2025-09-30,MSFT,Microsoft Corporation,513.24,518.16,509.66,517.95,19728200
2025-10-01,MSFT,Microsoft Corporation,514.8,520.51,511.69,519.71,22632300
2025-10-02,MSFT,Microsoft Corporation,517.64,521.6,510.68,515.74,21222900
2025-10-03,MSFT,Microsoft Corporation,517.1,520.49,515.0,517.35,15112300
2025-10-06,MSFT,Microsoft Corporation,518.61,531.03,518.2,528.57,21388600
2025-10-07,MSFT,Microsoft Corporation,528.29,529.8,521.44,523.98,14615200
2025-10-08,MSFT,Microsoft Corporation,523.28,526.95,523.09,524.85,13363400
2025-10-09,MSFT,Microsoft Corporation,522.34,524.33,517.4,522.4,18343600
2025-10-10,MSFT,Microsoft Corporation,519.64,523.58,509.63,510.96,24133800
2025-10-13,MSFT,Microsoft Corporation,516.41,516.41,511.68,514.05,14284200
2025-10-14,MSFT,Microsoft Corporation,510.23,515.28,506.0,513.57,14684300
2025-10-15,MSFT,Microsoft Corporation,514.96,517.19,510.0,513.43,14694700
2025-10-16,MSFT,Microsoft Corporation,512.58,516.85,508.13,511.61,15559600
2025-10-17,MSFT,Microsoft Corporation,509.04,515.48,507.31,513.58,19867800
2025-10-20,MSFT,Microsoft Corporation,514.61,518.7,513.43,516.79,14665600
2025-10-21,MSFT,Microsoft Corporation,517.5,518.69,513.04,517.66,15586200
2025-10-22,MSFT,Microsoft Corporation,521.15,525.23,517.71,520.54,18962700
2025-10-23,MSFT,Microsoft Corporation,522.46,523.95,518.61,520.56,14023500
2025-10-24,MSFT,Microsoft Corporation,522.79,525.35,520.71,523.61,15532400
2025-10-27,MSFT,Microsoft Corporation,531.78,534.58,529.01,531.52,18734700
2025-10-28,MSFT,Microsoft Corporation,550.0,553.72,540.77,542.07,29986700
2025-10-29,MSFT,Microsoft Corporation,544.94,546.27,536.73,541.55,36023000
2025-10-30,MSFT,Microsoft Corporation,530.48,534.97,522.12,525.76,41023100
2025-10-31,MSFT,Microsoft Corporation,528.88,529.32,515.1,517.81,34006400
2025-11-03,MSFT,Microsoft Corporation,519.81,524.96,514.59,517.03,22374700
2025-11-04,MSFT,Microsoft Corporation,511.76,515.55,507.84,514.33,20958700
2025-11-05,MSFT,Microsoft Corporation,513.3,514.83,506.58,507.16,23024300
2025-11-06,MSFT,Microsoft Corporation,505.66,505.7,495.81,497.1,27406500
2025-11-07,MSFT,Microsoft Corporation,496.95,499.38,493.25,496.82,24019800
2025-11-10,MSFT,Microsoft Corporation,500.04,506.85,498.8,506.0,26101500
2025-11-11,MSFT,Microsoft Corporation,504.8,509.6,502.35,508.68,17980000
2025-11-12,MSFT,Microsoft Corporation,509.36,511.67,499.12,511.14,26574900
2025-11-13,MSFT,Microsoft Corporation,510.31,513.5,501.29,503.29,25273100
2025-11-14,MSFT,Microsoft Corporation,498.23,511.6,497.44,510.18,28505700
2025-11-17,MSFT,Microsoft Corporation,508.45,512.12,504.91,507.49,19092800
2025-11-18,MSFT,Microsoft Corporation,495.37,502.98,486.78,493.79,33815100
2025-11-19,MSFT,Microsoft Corporation,490.1,495.19,482.83,487.12,23245300
2025-11-20,MSFT,Microsoft Corporation,492.71,493.57,475.5,478.43,26802500
2025-11-21,MSFT,Microsoft Corporation,478.5,478.92,468.27,472.12,31769200
2025-11-24,MSFT,Microsoft Corporation,475.0,476.9,468.02,474.0,34421000
2025-11-25,MSFT,Microsoft Corporation,474.07,479.15,464.89,476.99,28019800
2025-11-26,MSFT,Microsoft Corporation,486.31,488.31,481.2,485.5,25709100
2025-11-28,MSFT,Microsoft Corporation,487.6,492.63,486.65,492.01,14386700
2025-12-01,MSFT,Microsoft Corporation,488.44,489.86,484.65,486.74,23964000
2025-12-02,MSFT,Microsoft Corporation,486.72,493.5,486.32,490.0,19562700
2025-12-03,MSFT,Microsoft Corporation,476.32,484.24,475.2,477.73,34615100
2025-12-04,MSFT,Microsoft Corporation,479.76,481.32,476.49,480.84,22318200
2025-12-05,MSFT,Microsoft Corporation,482.52,483.4,478.88,483.16,22608700
2025-12-08,MSFT,Microsoft Corporation,484.89,492.3,484.38,491.02,21965900
2025-12-09,MSFT,Microsoft Corporation,489.1,492.12,488.5,492.02,14696100
2025-12-10,MSFT,Microsoft Corporation,484.03,484.25,475.08,478.56,35756200
2025-12-11,MSFT,Microsoft Corporation,476.63,486.03,475.86,483.47,24669200
2025-12-12,MSFT,Microsoft Corporation,479.82,482.45,476.34,478.53,21248100
2025-12-15,MSFT,Microsoft Corporation,480.1,480.72,472.52,474.82,23727700
2025-12-16,MSFT,Microsoft Corporation,471.91,477.89,470.88,476.39,20705600
2025-12-17,MSFT,Microsoft Corporation,476.91,480.0,475.0,476.12,24527200
2025-12-18,MSFT,Microsoft Corporation,478.19,489.6,477.89,483.98,28573500
2025-12-19,MSFT,Microsoft Corporation,487.36,487.85,482.49,485.92,70836100
2025-12-22,MSFT,Microsoft Corporation,486.12,488.73,482.69,484.92,16963000
2025-12-23,MSFT,Microsoft Corporation,484.98,487.83,484.74,486.85,14683600
2025-12-24,MSFT,Microsoft Corporation,485.68,489.16,484.83,488.02,5855900
2025-12-26,MSFT,Microsoft Corporation,486.71,488.12,485.96,487.71,8842200
2025-12-29,MSFT,Microsoft Corporation,484.86,488.35,484.18,487.1,10893400
2025-12-30,MSFT,Microsoft Corporation,485.93,489.68,485.5,487.48,13944500
2025-12-31,MSFT,Microsoft Corporation,487.84,488.14,483.3,483.62,15601600
2026-01-02,MSFT,Microsoft Corporation,484.39,484.66,470.16,472.94,25571600
2026-01-05,MSFT,Microsoft Corporation,474.06,476.07,469.5,472.85,25250300
2026-01-06,MSFT,Microsoft Corporation,473.8,478.74,469.75,478.51,23037700
2026-01-07,MSFT,Microsoft Corporation,479.76,489.7,477.95,483.47,25564200
2026-01-08,MSFT,Microsoft Corporation,481.24,482.66,475.86,478.11,18162600
2026-01-09,MSFT,Microsoft Corporation,474.06,479.82,472.2,479.28,18491000
2026-01-12,MSFT,Microsoft Corporation,476.67,480.99,475.68,477.18,23519900
2026-01-13,MSFT,Microsoft Corporation,474.68,475.78,465.95,470.67,28545800
2026-01-14,MSFT,Microsoft Corporation,466.46,468.2,457.17,459.38,28184300
2026-01-15,MSFT,Microsoft Corporation,464.12,464.25,455.9,456.66,23225800
2026-01-16,MSFT,Microsoft Corporation,457.83,463.19,456.48,459.86,34246700
2026-01-20,MSFT,Microsoft Corporation,451.22,456.8,449.28,454.52,26130000
2026-01-21,MSFT,Microsoft Corporation,452.6,452.69,438.68,444.11,37980500
2026-01-22,MSFT,Microsoft Corporation,447.62,452.84,444.7,451.14,25349400
2026-01-23,MSFT,Microsoft Corporation,451.87,471.1,450.53,465.95,38000200
2026-01-26,MSFT,Microsoft Corporation,465.31,474.25,462.0,470.28,29291200
2026-01-27,MSFT,Microsoft Corporation,473.7,482.87,473.16,480.58,29213900
2026-01-28,MSFT,Microsoft Corporation,483.21,483.74,478.0,481.63,36875400
2026-01-29,MSFT,Microsoft Corporation,439.99,442.5,421.02,433.5,128855300
2026-01-30,MSFT,Microsoft Corporation,439.17,439.6,426.45,430.29,58566800
2026-02-02,MSFT,Microsoft Corporation,430.24,430.74,422.25,423.37,42219900
2026-02-03,MSFT,Microsoft Corporation,422.01,422.05,408.56,411.21,61424100
2026-02-04,MSFT,Microsoft Corporation,411.0,419.8,409.24,414.19,45012400
2026-02-05,MSFT,Microsoft Corporation,407.44,408.3,392.32,393.67,66289200
2026-02-06,MSFT,Microsoft Corporation,399.17,401.79,392.92,401.14,53515300
2026-02-09,MSFT,Microsoft Corporation,404.85,414.89,400.87,413.6,45480500
2026-02-10,MSFT,Microsoft Corporation,419.62,423.68,412.7,413.27,44857900
2026-02-11,MSFT,Microsoft Corporation,416.18,416.46,401.01,404.37,42491000
2026-02-12,MSFT,Microsoft Corporation,405.0,406.2,398.01,401.84,40802400
2026-02-13,MSFT,Microsoft Corporation,404.45,405.54,398.05,401.32,34091600
2026-02-17,MSFT,Microsoft Corporation,399.22,400.52,394.53,396.86,32078800
2026-02-18,MSFT,Microsoft Corporation,398.13,402.56,396.32,399.6,23223400
2026-02-19,MSFT,Microsoft Corporation,400.69,404.43,396.67,398.46,28234000
2026-02-20,MSFT,Microsoft Corporation,396.11,400.12,395.16,397.23,34015200
2026-02-23,MSFT,Microsoft Corporation,395.0,395.36,383.1,384.47,43238300
2026-02-24,MSFT,Microsoft Corporation,384.14,389.36,381.71,389.0,33884700
2026-02-25,MSFT,Microsoft Corporation,390.53,401.47,390.16,400.6,43625500
2026-02-26,MSFT,Microsoft Corporation,404.71,407.49,398.74,401.72,34405900
2026-02-27,MSFT,Microsoft Corporation,390.88,396.82,389.88,392.74,51367200
2026-03-02,MSFT,Microsoft Corporation,392.86,401.19,390.63,398.55,35474900
2026-03-03,MSFT,Microsoft Corporation,393.14,406.7,392.67,403.93,38199200
2026-03-04,MSFT,Microsoft Corporation,401.27,411.03,400.31,405.2,35808000
2026-03-05,MSFT,Microsoft Corporation,404.42,411.61,404.4,410.68,39001300
2026-03-06,MSFT,Microsoft Corporation,409.2,413.05,408.51,408.96,31123900
2026-03-09,MSFT,Microsoft Corporation,404.92,410.21,403.5,409.41,30131900
2026-03-10,MSFT,Microsoft Corporation,410.03,410.2,402.93,405.76,31706400
2026-03-11,MSFT,Microsoft Corporation,405.57,409.01,401.59,404.88,25512100
2026-03-12,MSFT,Microsoft Corporation,404.63,406.12,401.71,401.86,27263900
2026-03-13,MSFT,Microsoft Corporation,401.0,404.8,394.25,395.55,26848000
2026-03-16,MSFT,Microsoft Corporation,398.07,400.63,394.79,399.95,27733700
2026-03-17,MSFT,Microsoft Corporation,400.27,404.4,397.75,399.41,26228300
2026-03-18,MSFT,Microsoft Corporation,397.13,398.0,391.0,391.79,25908500
2026-03-19,MSFT,Microsoft Corporation,390.1,392.49,387.06,389.02,25138800
2026-03-20,MSFT,Microsoft Corporation,386.79,387.0,380.12,381.87,50853200
2026-03-23,MSFT,Microsoft Corporation,383.9,387.21,381.68,383.0,29680100
2026-03-24,MSFT,Microsoft Corporation,382.36,382.47,371.85,372.74,42733600
2026-03-25,MSFT,Microsoft Corporation,376.92,377.06,369.63,371.04,31181200
2026-03-26,MSFT,Microsoft Corporation,370.82,374.72,365.19,365.97,36836600
2026-03-27,MSFT,Microsoft Corporation,361.9,362.45,356.51,356.77,37883400
2026-03-30,MSFT,Microsoft Corporation,361.9,365.36,356.28,358.96,44797000
2026-03-31,MSFT,Microsoft Corporation,364.55,372.9,363.07,370.17,45244400
2026-04-01,MSFT,Microsoft Corporation,373.49,373.99,368.2,369.37,29417200
2026-04-02,MSFT,Microsoft Corporation,367.21,373.64,364.15,373.46,24099100
2026-04-06,MSFT,Microsoft Corporation,373.49,373.73,369.5,372.88,16146600
2026-04-07,MSFT,Microsoft Corporation,370.34,372.45,366.56,372.29,21443300
2026-04-08,MSFT,Microsoft Corporation,384.98,385.0,371.41,374.33,33064800
2026-04-09,MSFT,Microsoft Corporation,372.5,373.5,367.05,373.07,30435300
2026-04-10,MSFT,Microsoft Corporation,372.98,375.64,370.03,370.87,28111100
2026-04-13,MSFT,Microsoft Corporation,373.61,384.54,371.02,384.37,35745800
2026-04-14,MSFT,Microsoft Corporation,387.92,394.69,386.52,393.11,37504500
2026-04-15,MSFT,Microsoft Corporation,398.0,414.37,396.73,411.22,45063400
2026-04-16,MSFT,Microsoft Corporation,419.86,420.82,412.14,420.26,41642400
2026-04-17,MSFT,Microsoft Corporation,424.82,431.58,420.69,422.79,48568200
2026-04-20,MSFT,Microsoft Corporation,421.15,423.33,416.3,418.07,27582200
2026-04-21,MSFT,Microsoft Corporation,420.24,427.18,417.2,424.16,32048500
2026-04-22,MSFT,Microsoft Corporation,426.19,433.7,423.67,432.92,29378200
2026-04-23,MSFT,Microsoft Corporation,419.89,423.66,411.41,415.75,38308000
2026-04-24,MSFT,Microsoft Corporation,416.97,424.95,415.8,424.62,27457400
2026-04-27,MSFT,Microsoft Corporation,422.38,427.11,417.07,424.82,30867300
2026-04-28,MSFT,Microsoft Corporation,424.57,429.92,421.9,429.25,30438100
2026-04-29,MSFT,Microsoft Corporation,424.58,426.82,420.29,424.46,38288300
2026-04-30,MSFT,Microsoft Corporation,410.81,414.42,398.01,407.78,70909400
2026-05-01,MSFT,Microsoft Corporation,412.8,417.11,410.44,414.44,31372400
2026-05-04,MSFT,Microsoft Corporation,411.54,420.78,410.8,413.62,28066500
2026-05-05,MSFT,Microsoft Corporation,415.32,416.78,408.8,411.38,25700900
2026-05-06,MSFT,Microsoft Corporation,408.0,418.42,405.11,413.96,30285900
2026-05-07,MSFT,Microsoft Corporation,420.11,427.98,418.76,420.77,34942400
2026-05-08,MSFT,Microsoft Corporation,417.39,418.63,414.0,415.12,33383800
2026-05-11,MSFT,Microsoft Corporation,407.87,412.69,405.5,412.66,35657900
2026-05-12,MSFT,Microsoft Corporation,414.48,415.5,406.64,407.77,38594200
2026-05-13,MSFT,Microsoft Corporation,403.2,406.31,401.03,405.21,29667100
2026-05-14,MSFT,Microsoft Corporation,404.48,411.84,400.88,409.43,27077500
2026-05-15,MSFT,Microsoft Corporation,414.27,428.17,412.91,421.92,50771200
2026-05-18,MSFT,Microsoft Corporation,416.62,425.12,415.61,423.54,32564100
2026-05-19,MSFT,Microsoft Corporation,429.9,432.7,416.49,417.42,33018700
2026-05-20,MSFT,Microsoft Corporation,414.17,422.1,411.3,421.06,27864000
2026-05-21,MSFT,Microsoft Corporation,424.75,426.34,415.71,419.09,31393500
2026-05-22,MSFT,Microsoft Corporation,419.54,424.4,416.33,418.57,22390300
2026-05-26,MSFT,Microsoft Corporation,416.43,419.77,413.02,416.03,30398000
2026-05-27,MSFT,Microsoft Corporation,411.01,415.94,409.58,412.67,28901500
2026-05-28,MSFT,Microsoft Corporation,412.98,429.49,412.67,426.99,47250500
2026-05-29,MSFT,Microsoft Corporation,432.55,450.33,432.36,450.24,79654400
2026-06-01,MSFT,Microsoft Corporation,464.84,466.32,458.27,460.52,53628900
2026-06-02,MSFT,Microsoft Corporation,446.88,453.5,440.43,441.31,37036800
2026-06-03,MSFT,Microsoft Corporation,438.45,440.39,424.25,427.34,39037000
2026-06-04,MSFT,Microsoft Corporation,435.81,436.15,426.41,428.05,26899500
2026-06-05,MSFT,Microsoft Corporation,428.34,429.47,414.4,416.67,34782200
2026-06-08,MSFT,Microsoft Corporation,414.14,417.16,408.56,411.74,32086700
2026-06-09,MSFT,Microsoft Corporation,409.03,411.98,398.48,403.41,35317300
2026-06-10,MSFT,Microsoft Corporation,398.55,405.04,397.16,397.36,32576000
2026-06-11,MSFT,Microsoft Corporation,395.21,396.85,384.0,390.34,47224100
2026-06-12,MSFT,Microsoft Corporation,391.43,391.74,382.27,390.74,34865800
2026-06-15,MSFT,Microsoft Corporation,396.8,401.75,392.85,399.76,32266400
2026-06-16,MSFT,Microsoft Corporation,395.79,396.84,390.69,393.83,31506800
2026-06-17,MSFT,Microsoft Corporation,390.25,390.37,377.32,378.91,41987800
2026-06-18,MSFT,Microsoft Corporation,377.82,381.37,373.28,379.4,59714200
2026-06-22,MSFT,Microsoft Corporation,375.74,381.63,367.07,367.34,45171100
2026-06-23,MSFT,Microsoft Corporation,372.38,377.22,370.67,373.94,40647600
2026-06-24,MSFT,Microsoft Corporation,371.57,378.88,364.78,365.46,44509900
2026-06-25,MSFT,Microsoft Corporation,362.77,364.23,349.2,352.83,66179000
2026-06-26,MSFT,Microsoft Corporation,357.15,376.61,355.43,372.97,186201600
2026-06-29,MSFT,Microsoft Corporation,377.5,380.5,359.9,368.57,51229900
2026-06-30,MSFT,Microsoft Corporation,371.03,374.15,367.45,373.02,44945700
2026-07-01,MSFT,Microsoft Corporation,380.83,388.83,374.89,384.28,48065800
2026-07-02,MSFT,Microsoft Corporation,384.48,392.2,383.7,390.49,42128900
2026-07-06,MSFT,Microsoft Corporation,387.04,389.15,381.22,386.74,34224500
2026-07-07,MSFT,Microsoft Corporation,392.49,395.57,388.22,388.84,29297500
2026-07-08,MSFT,Microsoft Corporation,384.03,385.31,381.33,383.34,25908300
2026-07-09,MSFT,Microsoft Corporation,374.45,384.65,373.35,384.36,31083200
2026-07-10,MSFT,Microsoft Corporation,387.8,391.91,381.5,385.1,24644600
2026-07-13,MSFT,Microsoft Corporation,387.75,393.65,384.15,390.99,28914900
2026-07-14,MSFT,Microsoft Corporation,382.82,388.19,378.65,384.93,27863900
2026-07-15,MSFT,Microsoft Corporation,387.8,398.96,386.4,395.63,36253700
2026-07-16,MSFT,Microsoft Corporation,398.31,405.99,392.05,401.1,37047400
2026-07-17,MSFT,Microsoft Corporation,394.86,398.39,389.39,393.82,33049800
2026-07-20,MSFT,Microsoft Corporation,391.41,403.18,389.65,402.29,27915800
2026-07-21,MSFT,Microsoft Corporation,398.81,401.47,396.32,397.75,24126600
2026-07-22,MSFT,Microsoft Corporation,399.58,401.0,386.96,390.34,28142500
2026-07-23,MSFT,Microsoft Corporation,389.97,391.78,377.39,381.58,30351800
2026-07-24,MSFT,Microsoft Corporation,387.05,389.03,380.65,381.7,27659400
2026-07-27,MSFT,Microsoft Corporation,390.08,394.2,387.99,389.1,27856200
2026-07-28,MSFT,Microsoft Corporation,393.16,400.32,391.3,393.35,32367500
2026-07-29,MSFT,Microsoft Corporation,393.4,401.25,388.74,390.54,47209000
2026-07-30,MSFT,Microsoft Corporation,437.9,458.69,432.44,451.1,110160700
2026-07-31,MSFT,Microsoft Corporation,450.0,466.84,449.33,464.72,60846000
2026-08-03,MSFT,Microsoft Corporation,476.13,491.65,475.0,487.65,66762100
2026-08-04,MSFT,Microsoft Corporation,480.9,499.44,479.17,492.81,50455500
2026-08-05,MSFT,Microsoft Corporation,496.36,498.24,485.68,487.46,33388900
2026-08-06,MSFT,Microsoft Corporation,488.55,501.56,488.52,499.86,36441500
2026-08-07,MSFT,Microsoft Corporation,499.21,505.18,498.73,499.99,28846200
2026-08-10,MSFT,Microsoft Corporation,503.44,513.73,502.27,506.06,31206100
2026-08-11,MSFT,Microsoft Corporation,504.33,505.33,499.55,503.81,23049800
2026-08-12,MSFT,Microsoft Corporation,499.99,501.5,491.52,492.43,29001500
2026-08-13,MSFT,Microsoft Corporation,493.27,501.34,493.01,496.88,23039000
2026-08-14,MSFT,Microsoft Corporation,496.36,500.01,493.92,495.4,16217600
2026-08-17,MSFT,Microsoft Corporation,490.14,492.66,478.41,480.35,29635800
2026-08-18,MSFT,Microsoft Corporation,481.54,484.27,477.15,481.63,24087600
2026-08-19,MSFT,Microsoft Corporation,480.07,489.3,479.36,484.31,19961900
2026-08-20,MSFT,Microsoft Corporation,483.3,484.16,479.5,481.15,20020800
2026-08-21,MSFT,Microsoft Corporation,479.88,486.36,478.53,483.24,22510800
2026-08-24,MSFT,Microsoft Corporation,483.21,490.61,481.86,487.31,17230800
2026-08-25,MSFT,Microsoft Corporation,485.44,492.44,484.3,491.71,19519000
2026-08-26,MSFT,Microsoft Corporation,487.85,497.4,487.31,496.37,20758900
2026-08-27,MSFT,Microsoft Corporation,494.88,506.48,490.08,505.06,28688800
2026-08-28,MSFT,Microsoft Corporation,505.33,517.78,504.87,513.53,29207300
2026-08-31,MSFT,Microsoft Corporation,510.38,512.19,506.39,507.29,27208900
2026-09-01,MSFT,Microsoft Corporation,497.52,505.97,496.78,501.02,21046900
2026-09-02,MSFT,Microsoft Corporation,499.85,500.27,493.81,496.82,15336100
2026-09-03,MSFT,Microsoft Corporation,501.66,515.65,500.8,510.12,24125900
2026-09-04,MSFT,Microsoft Corporation,510.0,511.0,499.36,499.7,18101800
2026-09-08,MSFT,Microsoft Corporation,493.01,495.19,490.15,493.95,18882300
2026-09-09,MSFT,Microsoft Corporation,493.07,494.39,489.8,491.65,12889600
2026-09-10,MSFT,Microsoft Corporation,488.32,494.52,486.0,492.44,16038800
2026-09-11,MSFT,Microsoft Corporation,495.65,498.97,492.58,495.63,14510500
