item,item_en,item_id,2026-Q2,2026-Q1,2025-Q4,2025-Q3
Tổng lợi nhuận/lỗ trước thuế,Net Accounting Profit/(loss) before tax,net_accounting_profit_loss_before_tax,17419725000000.0,11802653000000.0,10886684000000.0,11239105000000.0
Chi phí thuế TNDN hiện hành,Business income tax - current,business_income_tax_current,-2871568000000.0,-2343764000000.0,-1269018000000.0,-2216968000000.0
Chi phí thuế TNDN hoãn lại,Business income tax - deferred,business_income_tax_deferred,2802000000.0,3206000000.0,-984376000000.0,3416000000.0
Chi phí thuế thu nhập doanh nghiệp,Business income tax expenses,business_income_tax_expenses,-2868766000000.0,-2340558000000.0,-2253394000000.0,-2213552000000.0
Lợi nhuận sau thuế,Net profit/(loss) after tax,net_profit_loss_after_tax,14550959000000.0,9462095000000.0,8633290000000.0,9025553000000.0
Lợi ích của cổ đông thiểu số,Minority interest,minority_interest,-8683000000.0,-5529000000.0,-4240000000.0,-5054000000.0
Cổ đông của Công ty mẹ,Attributable to parent company,attributable_to_parent_company,14542276000000.0,9456566000000.0,8629050000000.0,9020499000000.0
Lãi cơ bản trên cổ phiếu (VND),EPS basic (VND),eps_basic_vnd,1740.0,1132.0,677.0,1080.0
Lãi trên cổ phiếu pha loãng (VND),EPS diluted (VND),eps_diluted_vnd,0.0,0.0,0.0,0.0
Thu nhập lãi và các khoản thu nhập tương tự,Interest and Similar Income,interest_and_similar_income,36472753000000.0,32091990000000.0,28710786000000.0,26713295000000.0
Chi phí lãi và các chi phí tương tự,Interest and Similar Expenses,interest_and_similar_expenses,-17330992000000.0,-14440907000000.0,-12443961000000.0,-12056055000000.0
Thu nhập lãi thuần,Net Interest Income,net_interest_income,19141761000000.0,17651083000000.0,16266825000000.0,14657240000000.0
Thu nhập từ dịch vụ,Fees and Commission Income,fees_and_commission_income,2939238000000.0,2936086000000.0,3288249000000.0,3028260000000.0
Chi phí dịch vụ,Fees and Commission Expenses,fees_and_commission_expenses,-2079556000000.0,-1992671000000.0,-2423625000000.0,-2089925000000.0
Lãi/Lỗ thuần từ hoạt động dịch vụ,Net Fee and Commission Income,net_fee_and_commission_income,859682000000.0,943415000000.0,864624000000.0,938335000000.0
Lãi/(lỗ) thuần từ hoạt động kinh doanh ngoại hối và vàng,Net gain/(loss) from foreign currency and gold dealings,net_gain_loss_from_foreign_currency_and_gold_dealings,2154294000000.0,1677737000000.0,1226361000000.0,1279521000000.0
Lãi/(lỗ) thuần từ mua bán chứng khoán kinh doanh,Net gain/(loss) from trading of trading securities,net_gain_loss_from_trading_of_trading_securities,94881000000.0,-7136000000.0,30874000000.0,106423000000.0
Lãi/(lỗ) thuần từ mua bán chứng khoán đầu tư,Net gain/(loss) from disposal of investment securities,net_gain_loss_from_disposal_of_investment_securities,2522000000.0,0.0,0.0,0.0
Thu nhập khác,Other Income,other_income,4687411000000.0,1267597000000.0,1677143000000.0,1159760000000.0
Chi phí khác,Other Expenses,other_expenses,-628855000000.0,-410488000000.0,-833124000000.0,-227990000000.0
Lãi/(lỗ) thuần từ hoạt động khác,Net Other income/expenses,net_other_income_expenses,4058556000000.0,857109000000.0,844019000000.0,931770000000.0
Thu nhập từ cổ tức,Dividends Income,dividends_income,59905000000.0,57602000000.0,36828000000.0,138839000000.0
Tổng thu nhập hoạt động,Total Operating Income,total_operating_income,26371601000000.0,21179810000000.0,19269531000000.0,18052128000000.0
Chi phí quản lý doanh nghiệp,General and Admin Expenses,general_and_admin_expenses,-8449251000000.0,-6884055000000.0,-7528194000000.0,-6037436000000.0
Lợi nhuận thuần hoạt động trước khi trích lập dự phòng tổn thất tín dụng,Net Operating Profit Before Allowance for Credit Loss,net_operating_profit_before_allowance_for_credit_loss,17922350000000.0,14295755000000.0,11741337000000.0,12014692000000.0
Trích lập dự phòng tổn thất tín dụng,Provision for Credit Losses,provision_for_credit_losses,-502625000000.0,-2493102000000.0,-854653000000.0,-775587000000.0
